"","Title"
"1","Furiosa: A Mad Max Saga"
"2","Atlas"
"3","Civil War"
"4","The Fall Guy"
"5","Mad Max: Fury Road"
"6","Kingdom of the Planet of the Apes"
"7","Dune: Part Two"
"8","IF"
"9","Challengers"
"10","The First Omen"
"11","The Garfield Movie"
"12","The Ministry of Ungentlemanly Warfare"
"13","The Idea of You"
"14","Beverly Hills Cop: Axel F"
"15","Wolfs"
"16","Anora"
"17","Tarot"
"18","Beetlejuice Beetlejuice"
"19","Madame Web"
"20","Mad Max"
"21","Anyone But You"
"22","Boy Kills World"
"23","The Iron Claw"
"24","Horizon: An American Saga - Chapter 1"
"25","Hit Man"
"26","Recently viewed"
"27",NA
"28",NA
"29",NA
"30",NA
"31",NA
"32",NA
"33",NA
"34",NA
"35",NA
"36",NA
"37",NA
"38",NA
"39",NA
"40",NA
"41",NA
"42",NA
"43",NA
"44",NA
"45",NA
"46",NA
"47",NA
"48",NA
"49",NA
"50",NA
