"","Movie_title","Reviewer","DateReviews","Stars","Textreviews","TitleReviews"
"1","16. Star Wars: Episode V - The Empire Strikes Back","TheLittleSongbird","29 November 2009","10/10","The original trilogy of Star Wars contain three films, all of which are sophisticated, imaginative and enormous fun. I feared it wouldn't be my thing, but it was exactly that. I loved the original trilogy for all those reasons. Empire Strikes Back maintains all the fun of its predecessor, while even darker and more mature. Visually it's a marvel to look at, with the stunning special effects and highly imaginative-looking sets. John Williams's score is just outstanding, epic and monumental in every way. The story is darker than that of New Hope and perhaps more sophisticated, and I loved the fact the filmmakers made the romance between Leia and Han more developed. The battle sequences are mesmerising, the beginning is bound to have you on the edge of your seat, but the battle between Luke and Darth Vader was simply out of this world. The script is still as affectionate as ever, the pace is fast and the acting is great. Mark Hamill is ever as likable as Luke, and Carrie Fisher still has her spunk and vivacity. Harrison Ford is noticeably more subdued, but he is still terrific, and Frank Oz is a perfect Yoda. Chewabacca is hilarious, and Darth Vader is a fantastic villain, especially when voiced so magnificently by James Earl Jones. All in all, a perfect successor to an already brilliant first film. 10/10 Bethany Cox"," Manages to be even better than New Hope, and that was just as brilliant"
"2","16. Star Wars: Episode V - The Empire Strikes Back","MovieAddict2016","3 April 2004","10/10","(Note: This review contains some spoilers.)Movie novelty quickly wears thin, which is why so many sequels pale in comparison to their originals. ""Star Wars: Episode V: The Empire Strikes Back"" is the best of the original ""Star Wars"" trilogy, darker and deeper and even more powerful than the first film. Granted, the original pioneered an endless saga of imitators and somewhat imaginative knock-offs, and is still one of the greatest films ever made, but ""The Empire Strikes Back"" is a tiny inch ahead in the race.It is the dark middle chapter in an almost perfect trilogy, crammed full with imagination and special effects. It is simply one of the most visionary movies of all time, which is rare for a sequel -- any sequel -- especially in the case of a sci-fi film. Just take a look at ""Predator 2"" for an example of an idea running out of steam, or a director who cannot cope with his script.The film generally picks up where the last left off: Luke (Mark Hamill) saved the day by blowing up the Death Star, the heroes were awarded with medals by the princess (Carrie Fisher), and peace was temporarily restored. But Darth Vader (voice of James Earl Jones) is still alive, and the Emperor's fury grows stronger as Luke begins his Jedi training under the help of Yoda. Meanwhile, Han Solo (Harrison Ford) and Leia flee to Cloud City to escape an attack from the empire, where they are taken under the wing of Lando Calrissian (Billy Dee Williams), an old pal of Han's who is secretly working for Vader, somewhat against his own will.The movie is strong in its morals and Biblical metaphors, just as the original. Luke is the savior, Calrissian could be considered the equivalent of Judas, Han Solo is one of Luke's good disciples and Vader represents pure evil. And of course, there's the truly iconic line, ""I am your father,"" that is relevant to the devil, who -- according to the scriptures -- was an angel before being cast into the bowels of hell and becoming Lucifer.
Lucas admittedly used these various metaphors to strike a nerve in the subconscious of his viewers. Like all good fables, of fantasy or reality, ""Star Wars"" is a trilogy that relates to just about everyone, in one form or another, and is -- at its roots -- a story we are all very familiar with. It is the ever-familiar notion of good-vs. -evil at its core that helps propel these movies into the hearts of many. Yes, ""Star Wars"" is the quintessential nerd's film, engulfed in an entirely different dimension, but the film's bad rap for this is undeserved -- it's still a wonderful story, and you don't have to be a die-hard fan to appreciate its fine points (and it has many).One of the most popular legends (and misconceptions) regarding the ""Star Wars"" phenomenon is that George Lucas helmed the entire Star Wars trilogy, when in fact he only directed the first and wrote the screenplay for all three combined. ""The Empire Strikes Back"" is directed by Irvin Kirshner, who also delivered us the disappointing ""RoboCop 2."" How could one sequel be so great, and the other so bad? Simple: Kirshner's darkness in ""The Empire Strikes Back"" had a point, and a high value. In ""RoboCop 2,"" it was just excessive and silly, not to mention totally unnecessary. What Paul Verhoeven was able to do with the original ""RoboCop"" was something not many films can accomplish, and Kirshner tried to add on to this with a darker narrative, which only ended in a frustratingly empty motion picture.""The Empire Strikes Back"" has a point amidst the action, and is the most important of all three ""Star Wars"" movies. It has the famous introduction of the creature Yoda, who sits tucked away in his hut on a swamp planet, at first startling Luke with his strange features, and then with his subtle wisdom. It is Yoda who trains Luke in the ways of the Jedi, and eventually leads him towards his destination: The showdown with Vader, when the infamous secret is finally revealed.The movie is expertly crafted, both in terms of a a narrative and literal context. From beginning to end it is darker, fiercer and more powerful than the original film, which is not an easy feat. All trilogies have their dark areas, and this is usually the middle chapter (""Back to the Future Part II"" is a good example), yet in ""The Empire Strikes Back"" the darkness seems very appropriate given the material. It is a film that dwells long and hard on betrayal, murder, revenge, and unrecoverable mistakes. By the end of the movie, we know what Luke is feeling: There is still much to be done, despite an overwhelming emotional downpour of attachment and confusion. For us, as an audience, we know everything must come to an end within the next installment. For Luke, it could be an eternity of struggle. But we all know there will be an end to the epic saga, and we have always known this, ever since we first caught a glimpse of a younger, more innocent Luke working for his uncle on that deserted planet, so many years ago, when he could only dream of having adventures in other galaxies far, far away...5/5 stars.John Ulmer"," The best ""Star Wars"" film ever made."
"3","16. Star Wars: Episode V - The Empire Strikes Back","kevin_robbins","21 March 2022","10/10","The Empire Strikes Back (1980) is a movie in my DVD collection that I recently watched again on Disney+. The storyline picks up where Star Wars left off with the rebellion building their army and the evil Empire rebounding from losing the Death Star. Luke will try to master the powers of the force by searching for a new Jedi to train him; meanwhile, as he digs into his past he discovers more about how he became a Jedi to begin with.This movie is directed by Irvin Kershner (Robocop 2) and stars Mark Hamill (Sushi Girl), Harrison Ford (Clear and Present Danger), Carrie Fisher (Sorority Row), Billy Dee Williams (Nighthawks) and James Earl Jones (Coming to America).The Empire Strikes Back was always one of my favorites in the original trilogy. The opening yeti scene was fantastic and a great way tp start the film. The Princess and Hans scenes were hilarious and the banter makes you laugh no matter how many times you've seen it. Yoda is a legendary character introduced in this film and the Hans stasis scene is always sad. The final Luke vs Vader scene is also legendary and fun to watch unfold.Overall this is among the all time great science fiction movies that is an absolute must see. This is an easy 10/10."," This is among the all time great science fiction movies that is an absolute must see"
"4","16. Star Wars: Episode V - The Empire Strikes Back","claudio_carvalho","13 December 2015","10/10","The rebels' new base is hidden in the icy planet Hoth and Princess Leia (Carrie Fisher) commands a unit with Luke Skywalker (Mark Hamill), Han Solo (Harrison Ford) and Chewbacca (Peter Mayhew). During the investigation of a meteor crash, Luke is wounded and captured by a creature but succeeds to escape. While dying on the snow, he has a vision of Obi-Wan Kenobi telling him to go to the Dagobah system to be trained by the Jedi Master Yoda. Later he is saved by Han and they are rescued in the morning by the rebels. Meanwhile Darth Vader (David Prowse) sends probe droids through the galaxy to find the location of the base. The rebels are located and they need to leave the planet under the attack of the Imperial Fleet. However Luke heads to Dagobah to find Yoda while Leia, Han, Chewbacca and C-3PO travel to the planet Bespin to meet his friend Lando Calrissian (Billy Dee Williams) and repair the Millennium Falcon. However, they are betrayed by Lando and captured by Darth Vader. Meanwhile Luke has a premonition with his friends in danger and he decides to interrupt his training with Yoda to save them, despite the warning of Obi-Wan and Yoda. Will Luke be ready to face Darth Vader and save his friends? ""The Empire Strikes Back"", later retitled ""Star Wars: Episode V - The Empire Strikes Back"" is a fantastic sequel of Star Wars, with a great story. The plot has adventure, romance, comedy and betrayal and is engaging until the very end. The characters now are more experienced and bonded. The mannerisms of C-3PO recalls Dr. Smith, from ""Lost in Space"". This is the type of sequel that keeps the high quality of the original film. My vote is ten.Title (Brazil): ""O Imp√©rio Contra-Ataca"" (""The Empire Strikes Back"")"," Fantastic Sequel"
"5","16. Star Wars: Episode V - The Empire Strikes Back","Lady_Targaryen","2 February 2006","10/10","''Star Wars: Episode V - The Empire Strikes Back '' is my favorite one from all the star war series.Things are getting more and more complicated for the Rebels.Spite of the fact that the Death Star was destroyed, the Imperial troops had success expelling the Rebels from their secret base, and now they are being hunted in all galaxy. The new secret base is localized in Hoth, a very cold world even for the native animals. Darth Vader wants to find Luke at any cost, and now he sent many remote probes to find him in all space. Luke is attacked by a big animal and almost dies, by stays lost in the ice. He sees the ghost of Obi Wan Kenobi talking with him, and he says that Luke needs to go to a system called Dangoba, where Yoda will teach and explain to him all the steps to become a Jedi. Han Solo goes after Luke and they both are saved by their rebel team.The system Hoth is discovered by the Empire(since it should not have any human form living in there) and consequently the Rebel Base. Darth Vader decides to attack the Rebels by the surface,and the Rebels really stay in disadvantage. Han,Leia,C3pO and Chewbacca escapes from Hoth,but after many attacks from the Imperial troops and even asteroids fields, they arrive in the Cloud city that Lando,an old friend of Han,rules.Luke goes with R2 to Dangoba,and there he finds Yoda. The problem is, Yoda does not want to teach him how to become a Jedi,since he finds Luke extremely impatient, old to be trained and also with many anger inside of him,like his father Anakin. Obi Wan tries to change Yoda's mind, but only when Luke promises to really gives his best that Yoda accepts the challenge.The Emperor talks to Vader about a disturbance in the force that comes from Luke Skywalker. He finally says that Luke is son of Anakin and that Luke should never be trained as a Jedi,because of the risk in destroying the siths,that are very high. But Vader has other plans: He always imagined that his offspring died when Padme died, and now he thinks about making Luke a sith,to they both rule the galaxy together and also kill the Emperor.In the city of the clouds, Lando betrays Han and gives them all to Vader.It's all a trap to take Luke that Vader did, and while he tortures Han, Lukes see the vision of his friends suffering,and gave up his training. Yoda alerts him that the risk of turning to the dark side is high, and that he should not stop his training, but Luke is so worried with his friends that he cannot think about anything else. Vader call the award hunters and Boba Fett(the clone of Jango Fett,remember?)is the one who takes Han Solo to Jabba,to win a big prize.We are now in a risky situation, where Lukes needs to confront his dad without be tainted to the dark side, and someone needs to help Han,Chewbacca,Leia and C3po.Ps: *In this movie we can see the first demonstrations that Leia and Han likes each other,and when Leia wants to let Han with jealous and kisses Luke is kind of a funny moment. Another nice moment with Leia, is when we see the connection between her and Luke, when he has his hand cut and is in a dangerous situation after fighting with Vader.*I really like the big Imperial robots called 'walkers': I think they are one of the most impressive artilleries the Empire has."," The best movie of all Star wars"
"6","16. Star Wars: Episode V - The Empire Strikes Back","saveliydalmatov","30 December 2023","9/10","So, ""The Empire Strikes Back"" is a sequel to the previous part. After the release of the first episode, the budget, the fans appeared, and, accordingly, the quality improved!The fifth episode is the darkest and even the best in the original trilogy (in my personal opinion), and for many in the entire franchise.Here we will hear the famous Imperial March for the first time, learn all the greatness of the Empire under the leadership of Vader, as well as the formation of Luke as a Jedi.New characters have added color to the franchise, some have already become iconic and famous among many (the same Boba Fett).This fascinating story will feature plot twists (for sure many people understood what I was talking about) and a very addictive atmosphere of horror.As a result, this is what the fans needed - a successful sequel. And, of course, you need to look at it, it's a classic after all.My Rating : 10/10 (one of the best films)"," Darker and better than ""New hope"""
"7","16. Star Wars: Episode V - The Empire Strikes Back","Dissident","2 May 2000","10/10","The Empire Strikes Back is the best film in the original Star Wars trilogy. It has all the great qualities that the original Star Wars has: great effects (at the time of its release), appealing characters, and lots of spellbinding action.  It also has eliminated some of the problems that plagued the first: the storyline is tighter, and goes much deeper into character development.  The performances are terrific, especially by Harrison Ford as Han Solo, and Billy Dee Williams as Lando Calrissian. George Lucas has also remembered to include a spellbinding battle sequence with the snowspeeder sequence near the beginning of the film.  The conclusion, with a lightsaber duel between Darth Vader and Luke Skywalker, is truly one of the most suspenseful and dramatic scenes in the entire series.  This is a truly wondrous film, and serves as a constant reminder that just because a movie is expensive and a blockbuster doesn't mean that it has to be shallow and two dimensional.  This film will undoubtedly entertain viewers of all ages from start to finish."," The best film in the original trilogy."
"8","16. Star Wars: Episode V - The Empire Strikes Back","nickenchuggets","4 September 2022","10/10","It's obvious to most movie fans that Star Wars Episode IV deserves tons of praise for being the first in its respective series and also for spawning one of the biggest cultural phenomenons of all time, but in my view, The Empire Strikes Back is superior. I have seen someone state this already, but I will say it again here, as it is a very good reason why this movie is arguably better: character development. We get introduced to the main cast in A New Hope, but even by the end of that film, they're not fully fleshed out yet. We never really get to see how adept Luke is at using The Force, and Darth Vader, one of the most feared men in the galaxy, appears completely subservient to Peter Cushing's character, Grand Moff Tarkin. Episode V takes Star Wars in a risky direction, as Luke is separated from his friends for most of the runtime, but this decision totally paid off and I don't think the movie could have gone any better. The story picks up 3 whole years after Luke has destroyed the Death Star: the Empire's feared space station capable of obliterating entire planets. Darth Vader and Emperor Palpatine, the two most powerful men in the Empire, send floating droids all over the galaxy to locate the secret base of the Rebel Alliance (the empire's enemy), under the command of Luke's sister Princess Leia (Carrie Fisher). Vader eventually finds what he's looking for and locates what looks like a stronghold on the frigid planet of Hoth. Luke Skywalker (Mark Hamill) is investigating an area around the rebel base and is attacked and nearly killed by a yeti-esque creature called a Wampa. Luke manages to slice off one of its arms with his lightsaber and is then rescued by Han Solo (Harrison Ford). Before being saved, Luke sees a vision of his late trainer, Obi-Wan (Alec Guinness) telling him to travel to a planet called Dagobah for some reason. Confident they have the rebel base in their sights, the Imperials launch a brutal onslaught on it using huge, walking, mechanized assault vehicles called AT AT's that decimate everything in their path. Luke and a few other rebels pilot rather slow spaceships known as snowspeeders in order to destroy the imperial walkers by tying their legs with tow cables and then blasting the weak armor on their neck joints. Despite their best efforts, the base is hit too hard and has to evacuate. Leia, Han, C-3PO, Chewbacca and R2D2 pile into the Millennium Falcon, Solo's rather mediocre but dependable starship, and fly off just as Vader enters the hangar. Luke doesn't regroup with his allies right away, and instead flies to the planet Dagobah as Obi-Wan's ghost told him to. Upon arriving in the planet's atmosphere, he loses control of his X-Wing and crashes into a swamp. Here, he meets Yoda, a centuries old Jedi Master who trains Luke in the way of the force. While Han and the others try to elude Vader's fleet of ships and star destroyers by weaving through asteroid fields, Luke expresses frustration at the difficulty of his training. He knows the force seems to be a magical aura of divine, supernatural energy that surrounds everything and inhabits all living beings, but he is not willing to put up with the time required to bend it to his will. Yoda makes things easier for him and uses his mastery over the force to easily lift Luke's crashed spaceship out of the swamp using only his mind. Luke quits his training early to pursue his friends to a planet called Bespin, since he can tell they're walking into a trap. Concurrently, Han Solo and the others arrive at Cloud City on bespin; a huge floating metropolis situated entirely in the sky. There, they meet Lando Calrissian (Billy Dee Williams), who is a no good smuggler (like Han) and an old acquaintance of his. While on cloud city, Lando reveals to the group that he's actually betrayed them to the empire. Vader, accompanied by the ruthless bounty hunter Boba Fett, take Han to a specialized chamber where he is frozen in carbonite so Boba can transport him to Jabba the Hutt for a reward. As the group (minus Solo) tries to fight their way out of cloud city, Luke comes face to face with Vader. Even with the force training he has received, Luke is no match for the dark lord's lightsaber proficiency and powerful strikes. Vader corners Luke, severs his hand, and reveals he is actually his father. Vader wants his son to join him so they can kill Palpatine together and end this galactic war, but Luke refuses and lets himself fall down a waste disposal chute that leads directly out of cloud city. Barely managing to hang on to a flimsy piece of metal, Leia senses something isn't right and flies underneath cloud city to rescue her brother. The ship jumps to hyperspace, slipping out of Vader's grasp once again. Back on a rebel medical ship, Luke receives an artificial right hand, and Lando promises to look for his friend Solo. Aside from the fact that this is a star wars movie, there are no doubt a ton of other reasons why it is worthy of adoration. Probably the most visually obvious reason are the special effects. Despite being over 4 decades old, this movie still looks great, and the effects will always look good no matter what year it is. The battle on hoth is amazing. We see the empire's enormous AT AT tanks, and how even their footsteps cause destruction. We see the millennium falcon get chased by massive, dagger shaped spaceships. Most of all, we see much appreciated character development. Luke still hasn't mastered all his force powers by the end of this movie, but he's come a long way thanks to Yoda. Speaking of which, Frank Oz did a great job puppeteering him and basically created one of cinema's most beloved characters. Even the villains are interesting and likable. Vader I believe needs no introduction, but he contrasts heavily with how he was in the first film. He's completely in control here and does what he wants, unlike in episode IV where Tarkin bosses him around, and episode VI where Palpatine does. While still a cool bad guy, it's always annoyed me how Boba Fett is consistently ranked as one of star wars' most popular characters, mostly just because of how he looks. He only has 4 lines in this entire movie, but he's still memorable for being one of the few people who can talk back to Vader and still be alive afterwards. It's not like I need to state the obvious, but John Williams' score really serves to make an epic film even more epic. All I have to say for my closing remark is that The Empire Strikes Back has clearly secured its place as one of the most well made star wars films, which should be common knowledge for any fan of this immortal franchise."," ""It is your destiny"""
"9","16. Star Wars: Episode V - The Empire Strikes Back","Ithaqua1987","17 December 2004","10/10","An excellent sequel to Star Wars, this is easily the darkest and most serious out of all the Star Wars films, at least until Revenge of the Sith comes out. This movie benefits from the introduction of Yoda, a diminutive yet wise Jedi master who helps Luke prepare for his showdown with Darth Vader. It also introduces Lando Calrissian, Han's old gambling and smuggling buddy played very well by Billy Dee Williams. Empire is more character driven than the original and relies more on comic relief to help lighten the mood, but it doesn't go overboard with the humor. The story is more refined and the acting is better as well. Despite all of this I can't really say that I enjoyed Empire more than the original. The original Star Wars has a certain charm to it that none of the sequels (or prequels) have captured. I'd say that it is at least on par with the original though and is a fitting follow up in what is probably the greatest series of movies in the history of cinema."," Star Wars: Episode V - The Empire Strikes Back"
"10","16. Star Wars: Episode V - The Empire Strikes Back","morfunkel","21 August 2018","10/10","This film changed the game forever. The people behind the scenes took an exciting science fiction adventure film with a happy tone where the heroes have a happy tone throughout and throwing that on its side. Throughout the film the rebels are in a constant rush and panic, pushing the viewers to the edge of their seat wondering if the heroes would make it to the end okay. This is done brilliantly by splitting up the heroes putting them in a worried state for one another. As well as that the rebels are all tested as they go through their own personal trails and try to find their way through.
Even though this might put you on a constant worry for the characters the movie is paced perfectly with breathers and amazing storytelling by the characters to fill in anything we need answers for.
That is just the story, the film also has gorgeous cinematography, going from the AT-ATs on Hoth, to the Imperial pursuit of the Falcon through the asteroid field, all the way down to the beautiful shots of the final battle in Cloud city. Even though we as viewers are worried for the rebels, the imagery is jaw dropping. 
The imagery is further enhanced by the most popular score of all time, John Williams delivers his best work ever as it has stuck with people their entire lives and is recognizable by even those who haven't seen the film. 
The film was released in 1980 and all of the set design and special effects still hold up to this day as they are just as convincing now as it was apon first watch for everyone in the past 38 years."," Greatest Movie Ever"
